<?xml version="1.0" encoding="utf-8"?>
<templates>
  <template type="admin" title="cv6_notice_macros" version_id="1000010" version_string="1.0.0 Alpha"><![CDATA[<xf:macro name="countdown" arg-notice="!">
	<xf:css src="public:cv6_countdown.less" />
	<xf:radiorow 
		name="cv6_countdown" 
		value="{$notice.cv6_countdown}" 
		label="{{ phrase('cv6_include_countdown') }}"
		explain="{{ phrase('cv6_explain_countdown') }}"
	>

		<xf:option value="default" label="{{ phrase('cv6_no_or_default_styling') }}" />
		<xf:option value="plate" label="{{ phrase('cv6_plate') }}" />
		<xf:option value="badge" label="{{ phrase('cv6_badge') }}" />
		<xf:option value="icon" label="{{ phrase('cv6_with_icon') }}" />
		<xf:option value="custom" label="{{ phrase('cv6_custom') }}" />
		<xf:option value="bigplate" label="{{ phrase('cv6_bigplate') }}" />

	</xf:radiorow>				
</xf:macro>]]></template>
  <template type="public" title="cv6_countdown.less" version_id="1000010" version_string="1.0.0 Alpha"><![CDATA[// display definition
.cv6-countdown {
    
    &.cv6-countdown--icon {
        font-weight: bold;
        &:before {
            .m-faBase();
            .m-faContent(@fa-var-calendar-day);
		}
    }
    &.cv6-countdown--badge {
        .xf-badge();
        padding: @xf-paddingSmall @xf-paddingMedium;
    }
    &.cv6-countdown--plate,
    &.cv6-countdown--bigplate {
        font-weight: bold;  
        color: #333;
        background-color: #666;
        text-shadow: 0px 1px 0px @xf-borderColor;
        padding: @xf-paddingSmall @xf-paddingMedium;
        border-radius: @xf-borderRadiusMedium;
        border: @xf-borderSize @xf-borderColor;
    }
    &.cv6-countdown--bigplate {
        font-size: 3em;
        display: block;
        float: right;
        margin: 5px;
    }

    &.cv6-countdown--custom {
        .xf-cv6CountdownCustom();
    }
}]]></template>
</templates>
