{
    "src/addons/cv6/NoticeCountdown/addon.json": "03ad5dc8aaa489c3b252b91fe4f200928692ef7e7a82fd3eb897dd978404ea43",
    "src/addons/cv6/NoticeCountdown/Listener.php": "fd9dd5fe093f1f081b0b362506027b8fceb59590e1181c454270187c2d71ae9c",
    "src/addons/cv6/NoticeCountdown/logo-cv6.png": "10b6fa1d697993879fb3a6c00eab77e10109c5b8af22b2fb265764cf9d0ef308",
    "src/addons/cv6/NoticeCountdown/Setup.php": "da6a35b854b5eafec916f00e04e84f1bf4fec7a68b90f6b307dbfea541252a5d",
    "src/addons/cv6/NoticeCountdown/XF/Admin/Controller/Notice.php": "e9793f0b1749652611059ae83750ffb3c62de71aede0e7d35efc67cd54cf1225",
    "src/addons/cv6/NoticeCountdown/XF/NoticeList.php": "a43584aa9672a0a148ad0c7cadbdb2e0a76cd7248b25fe6543906af07261beac",
    "src/addons/cv6/NoticeCountdown/_data/activity_summary_definitions.xml": "99d8c2563a31320d66f958fc8bda78613545f5f7959bb3cf5318805e3a3c39d2",
    "src/addons/cv6/NoticeCountdown/_data/admin_navigation.xml": "064ec797484ac00d5ee37367b50b06846d11f480d00550997712707f8fdac8c0",
    "src/addons/cv6/NoticeCountdown/_data/admin_permission.xml": "ec6fb97cebf0bceb24f1ed1d5778c1db54eeb7535fbb3e31d824840e7aa9ff87",
    "src/addons/cv6/NoticeCountdown/_data/advertising_positions.xml": "d2f7cbe844bb1df3cf878d22ff6306249245c8ff6b0b87b9b729744bec538261",
    "src/addons/cv6/NoticeCountdown/_data/api_scopes.xml": "6793eaf758f140e8137187ba20e65f4faccf53410433ae3ad7a8b3b38cb6b3b7",
    "src/addons/cv6/NoticeCountdown/_data/bb_codes.xml": "faa4ddd5f4a365e5ac39aebdcbe2d25aedf74e7eb9ea4a812766e2fd5e13bdb1",
    "src/addons/cv6/NoticeCountdown/_data/bb_code_media_sites.xml": "29762987990187b33e43cfb68c08dc917b2d3f0176613d78f8e6c453f82da3f3",
    "src/addons/cv6/NoticeCountdown/_data/class_extensions.xml": "867809b3a38ffe7a3cbcf3e6234fa432963ae3a23610227b1158f27e32d3c9e7",
    "src/addons/cv6/NoticeCountdown/_data/code_events.xml": "8370dec3df47f91df4cf79da253446ad11b29f4ea568fe76c774e97a0379f0eb",
    "src/addons/cv6/NoticeCountdown/_data/code_event_listeners.xml": "6c3d700fa7b57b9e0b19f091dce4acdcb64638b7c28303152b1ad634cd1b4b63",
    "src/addons/cv6/NoticeCountdown/_data/content_type_fields.xml": "c7ad5472b28f465b7ac7617627707eba1b7a39d28089460d52e1ed292fc0b06a",
    "src/addons/cv6/NoticeCountdown/_data/cron.xml": "323c4284742ef24329cd6db6f288eb9736d2353f36852e1db12591e1583aea26",
    "src/addons/cv6/NoticeCountdown/_data/help_pages.xml": "a8a0c0b06cdc550438bc8a8d385af3e1e5ab3459877dfb934c1c31be59c89163",
    "src/addons/cv6/NoticeCountdown/_data/member_stats.xml": "89fb2b93ff1eca7a1f6f752248edf6090dfd24037db1446fd18ff7143f08124d",
    "src/addons/cv6/NoticeCountdown/_data/navigation.xml": "f75e1c03a45a360bbdfcd0567121665082315068475d5b0feb8b1acbb1688651",
    "src/addons/cv6/NoticeCountdown/_data/options.xml": "1cea29aa5671733d85c8fc6f7c66128eacbca5643cbb38585eb82002879b51a4",
    "src/addons/cv6/NoticeCountdown/_data/option_groups.xml": "154d7a89664b243d0bd8227c22e241f934bf7e196c83230ee23d3c0c4fba1333",
    "src/addons/cv6/NoticeCountdown/_data/permissions.xml": "7e4fc7d5826733d15ea2d8936b9bdd41afcaad810eb38e50da3c8d8eafda1550",
    "src/addons/cv6/NoticeCountdown/_data/permission_interface_groups.xml": "3177224e96458b829aa7fb24866dda9e0455a4922aee3d669b53f59a1ffdf5d1",
    "src/addons/cv6/NoticeCountdown/_data/phrases.xml": "1ab5b68f74c988ad70e15742b28df250d4517c5538dfd0810c76eb780abdc1e6",
    "src/addons/cv6/NoticeCountdown/_data/routes.xml": "550fa64f9feedf137dd877b38c2684f94474619d2d83890dbb717a91b50da8f5",
    "src/addons/cv6/NoticeCountdown/_data/style_properties.xml": "68c8cf9aec1efbb468dafb1ba90320f60984e9108d78b6b0ab46858481b5214c",
    "src/addons/cv6/NoticeCountdown/_data/style_property_groups.xml": "68e1879cb3846c42d978487aa8d5145ff3335fc39e58016878824d5cf3fd684c",
    "src/addons/cv6/NoticeCountdown/_data/templates.xml": "869e0ff656dfc68adab0dad54eba3574bc7423a45f62cdc6f80b69548ebc270c",
    "src/addons/cv6/NoticeCountdown/_data/template_modifications.xml": "6d7faca75dd8ceeb2a9654f7a04cc6af04095941cd825c042a605c89fdbe31a5",
    "src/addons/cv6/NoticeCountdown/_data/widget_definitions.xml": "37e46965256430f24004c2e7f08ba08f9b0d1cbcc4d70e84b3f4e3ffb713e64b",
    "src/addons/cv6/NoticeCountdown/_data/widget_positions.xml": "a29cee66134f6bc5d75ed9df1eef21096c24401915c5b5c774389c3d7bb2d5b3"
}